type,name,module,path,hash,schema_version,install_root
"csv","agent-manifest","_config","_config/agent-manifest.csv","9e5ee9e82dacef2fd581af345384a52dd2e23d5f3c74691a883c489a9cfe8661","2.0","_gomad"
"csv","gomad-help","_config","_config/gomad-help.csv","9ddd4df9493b90114f63629a92f2e4c8052a609466ed22555a5bfd0b54a3d776","2.0","_gomad"
"md","anti-patterns","_config","_config/kb/testing/anti-patterns.md","9405f4d67b06f3d3a52b3087d0c198d99f6c15de541393ce57efd111ee548b02","2.0","_gomad"
"md","anti-patterns","_config","_config/kb/architecture/anti-patterns.md","83f20b5069b8bda533c5472b4676ffee7f2fba5c7106c06f1232855ea4bbe051","2.0","_gomad"
"md","api-design","_config","_config/kb/architecture/reference/api-design.md","a64ead50375e8541bf77bd0d6207543e7ec360c3afc5f07e1e05f532263458c1","2.0","_gomad"
"md","better-auth-best-practices","_config","_config/kb/better-auth/better-auth-best-practices.md","c62acc0464f80bf8be72e0b55046a06c7762fa1ffaac1e78f61159b50072c9cf","2.0","_gomad"
"md","better-auth-security-best-practices","_config","_config/kb/better-auth/better-auth-security-best-practices.md","9d78209afd0da23d2a4dea5b0ab225e69a43ee2d2afb2a403bba97b9bd25f93e","2.0","_gomad"
"md","coverage","_config","_config/kb/testing/reference/coverage.md","7f0e98ae44aa4af75a5b0aaefb74fb361e8b2faf6a0670e52254d240549c8cb5","2.0","_gomad"
"md","e2e-tests","_config","_config/kb/testing/reference/e2e-tests.md","26be264523d469feb65a735a08a5796ed15d4d4ac573b02212a750077e89651f","2.0","_gomad"
"md","email-and-password-best-practices","_config","_config/kb/better-auth/email-and-password-best-practices.md","abffbf2db96ddcb36dd29d5b7693322f98dab421395ed4c3d411dd7740c743dc","2.0","_gomad"
"md","event-driven","_config","_config/kb/architecture/reference/event-driven.md","3a415e9ced72463355370d6f81b2d56d285d77e8d562d8011b4ecf81455e0bea","2.0","_gomad"
"md","hexagonal","_config","_config/kb/architecture/reference/hexagonal.md","120afb7ba5c3a3b8564c65cec70a9883353a0f64f458af4ff063c2d5d0b2f927","2.0","_gomad"
"md","hexagonal-port-adapter","_config","_config/kb/architecture/examples/hexagonal-port-adapter.md","0a389df3a318dd64561ac4667c0293f917d43bb529b01d3f516e85e504842f0b","2.0","_gomad"
"md","integration-tests","_config","_config/kb/testing/reference/integration-tests.md","4b1fb1b31ffe2674c16ef156bcbd763d6386a22c028fb221c152557df1830790","2.0","_gomad"
"md","jest-setup","_config","_config/kb/testing/examples/jest-setup.md","675162fa3e9768d413d9c0e15ba4baead55ee3f0e42c61fd32ca7d5d64d5fa93","2.0","_gomad"
"md","layered-architecture","_config","_config/kb/architecture/reference/layered-architecture.md","cee6c040844677e3f153d2404a7d06dcc45f54a91e92244e521f1220b80387eb","2.0","_gomad"
"md","layered-node-app","_config","_config/kb/architecture/examples/layered-node-app.md","5f4ee8b4449092468e6c7ad76d0b5b586e2ad271a51276f2a61d5a27a765a4df","2.0","_gomad"
"md","mocking","_config","_config/kb/testing/reference/mocking.md","7bb0d80e697a92590fe40948c11e98583928b2226a8855ab9b3648172554d3b7","2.0","_gomad"
"md","modular-monolith","_config","_config/kb/architecture/reference/modular-monolith.md","d06cd7d0cb3e3679a69219d41e1034529c2153a7a1e53f44cb779ee9a7770439","2.0","_gomad"
"md","organization-best-practices","_config","_config/kb/better-auth/organization-best-practices.md","bdbcf4aa881dc3fdf1f60e8cb1b5a12f2f674e1cb61d7ef631f89b76b76f432d","2.0","_gomad"
"md","playwright-e2e","_config","_config/kb/testing/examples/playwright-e2e.md","318456c2c88337f76d093a284d0cff1cd7ffa462d74c7e03dfd4adbc1c8828f0","2.0","_gomad"
"md","SKILL","_config","_config/kb/testing/SKILL.md","6506139cc55fad884c1f5040ab4b76a5028208e30a775e360639c4d13d715229","2.0","_gomad"
"md","SKILL","_config","_config/kb/architecture/SKILL.md","10434a3082dfa4dcaf6f6a774e7853796eea51d5a6408815a925eba0a5c7018c","2.0","_gomad"
"md","two-factor-authentication-best-practices","_config","_config/kb/better-auth/two-factor-authentication-best-practices.md","2c6555ef2f0814a9a89c4f625bf7291e859b7d1b9b27673c286ee460bad2049b","2.0","_gomad"
"md","unit-tests","_config","_config/kb/testing/reference/unit-tests.md","d51c9f65824245a3c46184624294f0c4a3f57f989860f44801afc43568d54275","2.0","_gomad"
"yaml","manifest","_config","_config/manifest.yaml","a6cf4f41a7023f22625199b9f3bc841fd73c6c823e738efdbdf843df6f4e8297","2.0","_gomad"
"csv","documentation-requirements","agile","agile/1-analysis/gm-document-project/documentation-requirements.csv","d1253b99e88250f2130516b56027ed706e643bfec3d99316727a4c6ec65c6c1d","2.0","_gomad"
"csv","domain-complexity","agile","agile/2-plan-workflows/gm-create-prd/data/domain-complexity.csv","f775f09fb4dc1b9214ca22db4a3994ce53343d976d7f6e5384949835db6d2770","2.0","_gomad"
"csv","domain-complexity","agile","agile/2-plan-workflows/gm-validate-prd/data/domain-complexity.csv","f775f09fb4dc1b9214ca22db4a3994ce53343d976d7f6e5384949835db6d2770","2.0","_gomad"
"csv","domain-complexity","agile","agile/3-solutioning/gm-create-architecture/data/domain-complexity.csv","3dc34ed39f1fc79a51f7b8fc92087edb7cd85c4393a891d220f2e8dd5a101c70","2.0","_gomad"
"csv","module-help","agile","agile/module-help.csv","04a6fb99a43762c2f863d679c807aab70f1bd4ee51bee490d4eae791e3ecd2d0","2.0","_gomad"
"csv","project-types","agile","agile/2-plan-workflows/gm-create-prd/data/project-types.csv","32eb179de39d3ef541359c0de7426dd45bee0567bc649f24354dae38fa971e64","2.0","_gomad"
"csv","project-types","agile","agile/2-plan-workflows/gm-validate-prd/data/project-types.csv","32eb179de39d3ef541359c0de7426dd45bee0567bc649f24354dae38fa971e64","2.0","_gomad"
"csv","project-types","agile","agile/3-solutioning/gm-create-architecture/data/project-types.csv","12343635a2f11343edb1d46906981d6f5e12b9cad2f612e13b09460b5e5106e7","2.0","_gomad"
"json","manifest","agile","agile/1-analysis/gm-prfaq/manifest.json","a10488c9fdda29d35fcfe867f7bf9b132ebcdc88359abe4c540bcc885ab80991","2.0","_gomad"
"json","manifest","agile","agile/1-analysis/gm-product-brief/manifest.json","e127aac58cf42eb022725fd458a6bf9c4d3ef12eb717c34aae27f1926b4cb9d4","2.0","_gomad"
"json","project-scan-report-schema","agile","agile/1-analysis/gm-document-project/templates/project-scan-report-schema.json","8466965321f1db22f5013869636199f67e0113706283c285a7ffbbf5efeea321","2.0","_gomad"
"md","architecture-decision-template","agile","agile/3-solutioning/gm-create-architecture/architecture-decision-template.md","5d9adf90c28df61031079280fd2e49998ec3b44fb3757c6a202cda353e172e9f","2.0","_gomad"
"md","artifact-analyzer","agile","agile/1-analysis/gm-prfaq/agents/artifact-analyzer.md","7bdc44830f8d593346ec0ee15e36e1e431432fcc6c38b70bb861999315c9cfa4","2.0","_gomad"
"md","artifact-analyzer","agile","agile/1-analysis/gm-product-brief/agents/artifact-analyzer.md","dcd8c4bb367fa48ff99c26565d164323b2ae057b09642ba7d1fda1683262be2d","2.0","_gomad"
"md","brief-template","agile","agile/1-analysis/gm-product-brief/resources/brief-template.md","abb685acaae5e6c3b03fcf6aec0ffc3c711fdadccca43d682da60456f14661b4","2.0","_gomad"
"md","checklist","agile","agile/1-analysis/gm-document-project/checklist.md","581b0b034c25de17ac3678db2dbafedaeb113de37ddf15a4df6584cf2324a7d7","2.0","_gomad"
"md","checklist","agile","agile/4-implementation/gm-correct-course/checklist.md","3e082b95def90ccb876e3101ce0bbaf797a0f03a9471e1347361897f27977327","2.0","_gomad"
"md","checklist","agile","agile/4-implementation/gm-create-story/checklist.md","b94e28e774c3be0288f04ea163424bece4ddead5cd3f3680d1603ed07383323a","2.0","_gomad"
"md","checklist","agile","agile/4-implementation/gm-dev-story/checklist.md","630b68c6824a8785003a65553c1f335222b17be93b1bd80524c23b38bde1d8af","2.0","_gomad"
"md","checklist","agile","agile/4-implementation/gm-discuss-story/checklist.md","dbfc3d4c89d3a07a8c854c783779e18fdfb11c335e9a22058a210a6b7f6289e5","2.0","_gomad"
"md","checklist","agile","agile/4-implementation/gm-domain-skill/checklist.md","b0fbe00c0b1e20abf7dfdee49291b1548d37138b05a28f597ccb2ad9127f6e2d","2.0","_gomad"
"md","checklist","agile","agile/4-implementation/gm-qa-generate-e2e-tests/checklist.md","42f28bbd760127470e916e9bbb31c899c58dc03d3354c0996724c80f20e2fb62","2.0","_gomad"
"md","checklist","agile","agile/4-implementation/gm-sprint-planning/checklist.md","80b10aedcf88ab1641b8e5f99c9a400c8fd9014f13ca65befc5c83992e367dd7","2.0","_gomad"
"md","contextual-discovery","agile","agile/1-analysis/gm-product-brief/prompts/contextual-discovery.md","111f7017d671621da46c7f19da49f969960f4c41f6d01a7d48f4ced1a15ffdbf","2.0","_gomad"
"md","customer-faq","agile","agile/1-analysis/gm-prfaq/references/customer-faq.md","96f8565197649c58908a1d61b6cd805fd01f57da7945ba889c18d087ad597aeb","2.0","_gomad"
"md","deep-dive-instructions","agile","agile/1-analysis/gm-document-project/workflows/deep-dive-instructions.md","da91056a0973a040fe30c2c0be074e5805b869a9a403b960983157e876427306","2.0","_gomad"
"md","deep-dive-template","agile","agile/1-analysis/gm-document-project/templates/deep-dive-template.md","6198aa731d87d6a318b5b8d180fc29b9aa53ff0966e02391c17333818e94ffe9","2.0","_gomad"
"md","deep-dive-workflow","agile","agile/1-analysis/gm-document-project/workflows/deep-dive-workflow.md","b75cee959f6f2fe90dabeb473f528e1292752933d9accbbbb5ac67458be7ce25","2.0","_gomad"
"md","discover-inputs","agile","agile/4-implementation/gm-create-story/discover-inputs.md","04a8a4cfa912f3777e9e0ca58285e755c07babfe0e83a3baf7519ef3248befa0","2.0","_gomad"
"md","discover-inputs","agile","agile/4-implementation/gm-discuss-story/discover-inputs.md","43c1ad079f67cfa266a442f5c7aa7063b19664d333e7867569a771f814d1c131","2.0","_gomad"
"md","discover-inputs","agile","agile/4-implementation/gm-domain-skill/discover-inputs.md","753c7811c2be1fbab150e138a30539ff03e5de092d37edadd82ef1cf9723f82f","2.0","_gomad"
"md","draft-and-review","agile","agile/1-analysis/gm-product-brief/prompts/draft-and-review.md","10edadafa08ee205b151090263b245eb856b3f3c008e8bb616c7216bf5a5095b","2.0","_gomad"
"md","epics-template","agile","agile/3-solutioning/gm-create-epics-and-stories/templates/epics-template.md","a804f740155156d89661fa04e7a4264a8f712c4dc227c44fd8ae804a9b0f6b72","2.0","_gomad"
"md","explain-concept","agile","agile/1-analysis/gm-agent-tech-writer/explain-concept.md","6ea82dbe4e41d4bb8880cbaa62d936e40cef18f8c038be73ae6e09c462abafc9","2.0","_gomad"
"md","finalize","agile","agile/1-analysis/gm-product-brief/prompts/finalize.md","ca6d125ff9b536c9e7737c7b4a308ae4ec622ee7ccdc6c4c4abc8561089295ee","2.0","_gomad"
"md","full-scan-instructions","agile","agile/1-analysis/gm-document-project/workflows/full-scan-instructions.md","0544abae2476945168acb0ed48dd8b3420ae173cf46194fe77d226b3b5e7d7ae","2.0","_gomad"
"md","full-scan-workflow","agile","agile/1-analysis/gm-document-project/workflows/full-scan-workflow.md","c2fb42731762721a9d1134d323a42fd86c7b683a6c7077b41ac2a7ddb7e7a798","2.0","_gomad"
"md","generate-trail","agile","agile/4-implementation/gm-checkpoint-preview/generate-trail.md","4a5936d86fbe5a85285b4535097b1e2edda8849da35586f4b588a982d7224459","2.0","_gomad"
"md","guided-elicitation","agile","agile/1-analysis/gm-product-brief/prompts/guided-elicitation.md","59363184328e1db0ccb4107c1231a7aa2a78d7b403d7fa6a9cb9d0c75e721c6d","2.0","_gomad"
"md","index-template","agile","agile/1-analysis/gm-document-project/templates/index-template.md","9dd5d2d7b6cef636883c80484d1446b7d157bc1afe5e407083e2bce8612dfd26","2.0","_gomad"
"md","instructions","agile","agile/1-analysis/gm-document-project/instructions.md","9f4bc3a46559ffd44289b0d61a0f8f26f829783aa1c0e2a09dfa807fa93eb12f","2.0","_gomad"
"md","internal-faq","agile","agile/1-analysis/gm-prfaq/references/internal-faq.md","26eb83f844cda1ed8efb50f4703d61713ada8a64bd27eb387f759f858b5748de","2.0","_gomad"
"md","mermaid-gen","agile","agile/1-analysis/gm-agent-tech-writer/mermaid-gen.md","1d83fcc5fa842bc31ecd9fd7e45fbf013fabcadf0022d3391fff5b53b48e4b5d","2.0","_gomad"
"md","opportunity-reviewer","agile","agile/1-analysis/gm-product-brief/agents/opportunity-reviewer.md","96c0d937d5d82d848dd14bc4270a69ab2496dd2035921f654bcbf69b66b54397","2.0","_gomad"
"md","prd-purpose","agile","agile/2-plan-workflows/gm-create-prd/data/prd-purpose.md","dbe637471330c23a1b7a77072ad809368081920261ffacc780ac8d487a949c43","2.0","_gomad"
"md","prd-purpose","agile","agile/2-plan-workflows/gm-validate-prd/data/prd-purpose.md","e8996c3113627c93b5b377d1b5e737cb008b309fc3df71e4837d311cd314a7d5","2.0","_gomad"
"md","prd-template","agile","agile/2-plan-workflows/gm-create-prd/templates/prd-template.md","7ccccab9c06a626b7a228783b0b9b6e4172e9ec0b10d47bbfab56958c898f837","2.0","_gomad"
"md","press-release","agile","agile/1-analysis/gm-prfaq/references/press-release.md","c406adb0e2d2cc326cbc45d0174f89d014523448ad82bc272293999d22aec596","2.0","_gomad"
"md","prfaq-template","agile","agile/1-analysis/gm-prfaq/assets/prfaq-template.md","b27e6964f0437ab4e78c8c0ffbe5052c28e3b3ef2fc811726cbb394d5a5c7559","2.0","_gomad"
"md","project-context-template","agile","agile/3-solutioning/gm-generate-project-context/project-context-template.md","54e351394ceceb0ac4b5b8135bb6295cf2c37f739c7fd11bb895ca16d79824a5","2.0","_gomad"
"md","project-overview-template","agile","agile/1-analysis/gm-document-project/templates/project-overview-template.md","06b242600789f29a12cec7bc34f26cbd6ea302f1ffeb7ba0a9b529dcf42ccd84","2.0","_gomad"
"md","readiness-report-template","agile","agile/3-solutioning/gm-check-implementation-readiness/templates/readiness-report-template.md","0da97ab1e38818e642f36dc0ef24d2dae69fc6e0be59924dc2dbf44329738ff6","2.0","_gomad"
"md","research.template","agile","agile/1-analysis/research/gm-domain-research/research.template.md","507bb6729476246b1ca2fca4693986d286a33af5529b6cd5cb1b0bb5ea9926ce","2.0","_gomad"
"md","research.template","agile","agile/1-analysis/research/gm-market-research/research.template.md","507bb6729476246b1ca2fca4693986d286a33af5529b6cd5cb1b0bb5ea9926ce","2.0","_gomad"
"md","research.template","agile","agile/1-analysis/research/gm-technical-research/research.template.md","507bb6729476246b1ca2fca4693986d286a33af5529b6cd5cb1b0bb5ea9926ce","2.0","_gomad"
"md","skeptic-reviewer","agile","agile/1-analysis/gm-product-brief/agents/skeptic-reviewer.md","e10fed7cf1b4fe3e855945d20d8a0874043925e6594d6ce50ef6085b164edf36","2.0","_gomad"
"md","SKILL","agile","agile/1-analysis/gm-agent-analyst/SKILL.md","2624325870b6da8f88d98556c62c36ba4d2dc254895a4f1a032c659564e7006a","2.0","_gomad"
"md","SKILL","agile","agile/1-analysis/gm-agent-tech-writer/SKILL.md","cf92fefdf2180313ac8853c948b22b662fd58109a65b1ab5d426c01249799c94","2.0","_gomad"
"md","SKILL","agile","agile/1-analysis/gm-document-project/SKILL.md","dfedcf64471a0d30eacd9a7760017aee4096a299d962555c568927716c197688","2.0","_gomad"
"md","SKILL","agile","agile/1-analysis/gm-prfaq/SKILL.md","507caa2be5fb76f26f07d00aef422451a5a10be62362121ea714d7d7dd0c72ff","2.0","_gomad"
"md","SKILL","agile","agile/1-analysis/gm-product-brief/SKILL.md","512b4b56baf262a49498cbf4a87b0eae12aac4d8a379937cf91ee5cfc9277720","2.0","_gomad"
"md","SKILL","agile","agile/1-analysis/research/gm-domain-research/SKILL.md","d8f4a0f5c792bfc1d537f13847e9ea71789944394fd6a5415eacdd49d4ee9ae6","2.0","_gomad"
"md","SKILL","agile","agile/1-analysis/research/gm-market-research/SKILL.md","501e340e20eced4dd63fe8390c0d0b8db9247550a3a06d407583dd82c070e73e","2.0","_gomad"
"md","SKILL","agile","agile/1-analysis/research/gm-technical-research/SKILL.md","d238ad3f7f36bf98a958ffe1428b366464da6bb31e6b1c40b8acd24abfb37752","2.0","_gomad"
"md","SKILL","agile","agile/2-plan-workflows/gm-agent-pm/SKILL.md","6bb93a9f4504e9aacda786f1e6d3e9da3288d26549c5550704eeca2d0d2bd5fc","2.0","_gomad"
"md","SKILL","agile","agile/2-plan-workflows/gm-agent-ux-designer/SKILL.md","b31ef2ec6134a3763d394a2fcc04d43eb600772c9edbec63af6c64b2113976e3","2.0","_gomad"
"md","SKILL","agile","agile/2-plan-workflows/gm-create-prd/SKILL.md","67342d386b7fe2324a5f8e71abe59403d8fa20f8843505fb4b85da1476ae3ca8","2.0","_gomad"
"md","SKILL","agile","agile/2-plan-workflows/gm-create-ux-design/SKILL.md","5addf98550cde99657f7f0f3c580e83f5c9838856dc043874b54a881607ba1a5","2.0","_gomad"
"md","SKILL","agile","agile/2-plan-workflows/gm-edit-prd/SKILL.md","de1ced657c390d099295fca46bd0e7ea7a78aadf1095ba717e0b75156c78a222","2.0","_gomad"
"md","SKILL","agile","agile/2-plan-workflows/gm-validate-prd/SKILL.md","5100b83b4fae8de72d3a5668e7d7d0aa7503456475383c80db695606e9d096f1","2.0","_gomad"
"md","SKILL","agile","agile/3-solutioning/gm-agent-architect/SKILL.md","08cf5a87d1b688187dc424bccc04d478e169f164b15480063ecd0a6e770e04bc","2.0","_gomad"
"md","SKILL","agile","agile/3-solutioning/gm-check-implementation-readiness/SKILL.md","ace81bd91ef10f4a1e5663ba0faf2e9945d2b362e08fc0ab2f0c833cd952e766","2.0","_gomad"
"md","SKILL","agile","agile/3-solutioning/gm-create-architecture/SKILL.md","1af79dfb2aaa80667dbd5350c1535d27d9602b93ad5f33ddb94323500bfa0e78","2.0","_gomad"
"md","SKILL","agile","agile/3-solutioning/gm-create-epics-and-stories/SKILL.md","0751b5a375195f65ab2d56dfee905c076d9609f87cac65d78ea9836586bf775e","2.0","_gomad"
"md","SKILL","agile","agile/3-solutioning/gm-generate-project-context/SKILL.md","63892a45e1191910099385f9f711bf64961b43ee1a2e51921317d861b32c6754","2.0","_gomad"
"md","SKILL","agile","agile/4-implementation/gm-agent-dev/SKILL.md","3bb4fb6ed5532681ef61b11dadedfa39fd1c26c39b8bcad6bbf2f191195bbcc2","2.0","_gomad"
"md","SKILL","agile","agile/4-implementation/gm-agent-sm/SKILL.md","06566ac93836f861b32fa1f18cdbc2078ac5b360d572c884aea7f72a5d2f1237","2.0","_gomad"
"md","SKILL","agile","agile/4-implementation/gm-agent-solo-dev/SKILL.md","0023ac4686106a690d7475be764fa75aa20b5583d68805621f5613738d814a27","2.0","_gomad"
"md","SKILL","agile","agile/4-implementation/gm-checkpoint-preview/SKILL.md","711f0e0c308df1fd11e8dd3a12cd68ecc3d22dab44c08ad04d85075a97195e16","2.0","_gomad"
"md","SKILL","agile","agile/4-implementation/gm-code-review/SKILL.md","52a58c7b979b31fc2a40515568553d25608d2b4361ab6eae3c0bcd6cfaa3411a","2.0","_gomad"
"md","SKILL","agile","agile/4-implementation/gm-correct-course/SKILL.md","0def0ff713d9b665c0b5d54617ca5f391a73bb1a0611670cf668da5231135a5b","2.0","_gomad"
"md","SKILL","agile","agile/4-implementation/gm-create-story/SKILL.md","906e14113cec72697be2610c15a7380f3c049cfdacd91715eb88eefac78c6f13","2.0","_gomad"
"md","SKILL","agile","agile/4-implementation/gm-dev-story/SKILL.md","db9079964fb7ff99e58e5219f431067511f75273e83bdd6b26e26824431ed0ee","2.0","_gomad"
"md","SKILL","agile","agile/4-implementation/gm-discuss-story/SKILL.md","8b805f43076ddd2cb73d74d1f846f4367b5c06e44b85ed7280065d1224d7d7b8","2.0","_gomad"
"md","SKILL","agile","agile/4-implementation/gm-domain-skill/SKILL.md","86748b0025552172f1d6f02bddf3474265937836256fd92d7725fb75f22a5d0e","2.0","_gomad"
"md","SKILL","agile","agile/4-implementation/gm-epic-demo-story/SKILL.md","b1cec655a14b802f44091bdcf39fd18b2b1f92ed405dc8db1b7d40608a8bdc95","2.0","_gomad"
"md","SKILL","agile","agile/4-implementation/gm-qa-generate-e2e-tests/SKILL.md","0682ce0ceff77393539d1c6950d2a2043724508c07ebcb2cd062d7780274bafb","2.0","_gomad"
"md","SKILL","agile","agile/4-implementation/gm-quick-dev/SKILL.md","169dbcf4366ec76d954346323c5a5e4f0f51696fc013a58e4225b337268be3e3","2.0","_gomad"
"md","SKILL","agile","agile/4-implementation/gm-retrospective/SKILL.md","9dc0aa9314b2243b129a6099ef8d2b6699553e1666bae75391f1584b6ccb7be5","2.0","_gomad"
"md","SKILL","agile","agile/4-implementation/gm-sprint-agent/SKILL.md","6c3599e74a8cd5a8ac1f9791984d563b0f61f4c8bd592789f9b674e4cdabde58","2.0","_gomad"
"md","SKILL","agile","agile/4-implementation/gm-sprint-planning/SKILL.md","2853d83d4bda596b5fdda48e56f2c3f1b2d80f93526ba770231f77b7ccdec205","2.0","_gomad"
"md","SKILL","agile","agile/4-implementation/gm-sprint-status/SKILL.md","da75f946d797e36f01356eb316ec110429515fba5f1c3c638d9e2987eac7acfb","2.0","_gomad"
"md","source-tree-template","agile","agile/1-analysis/gm-document-project/templates/source-tree-template.md","b3196a38acd8615f754eab70644c139e217f1dca108445b8fe67d1d9c6bb3fa1","2.0","_gomad"
"md","spec-template","agile","agile/4-implementation/gm-quick-dev/spec-template.md","3ee15d5a63cf5eeee74149c590668fc61d0e44023eac12988a1ca2a9438a9d39","2.0","_gomad"
"md","step-01-clarify-and-route","agile","agile/4-implementation/gm-quick-dev/step-01-clarify-and-route.md","20e711cea9f147019ac2f6bd20defd52de20e284b9b36ff1215f6769ba8de846","2.0","_gomad"
"md","step-01-discover","agile","agile/3-solutioning/gm-generate-project-context/steps/step-01-discover.md","8b2c8c7375f8a3c28411250675a28c0d0a9174e6c4e67b3d53619888439c4613","2.0","_gomad"
"md","step-01-document-discovery","agile","agile/3-solutioning/gm-check-implementation-readiness/steps/step-01-document-discovery.md","c763b512d55906122433cb65c1bcd5b5b283e45eacdc07281c8ec7596b6b3980","2.0","_gomad"
"md","step-01-gather-context","agile","agile/4-implementation/gm-code-review/steps/step-01-gather-context.md","d0ee7558605e9d48b5b6f15d9b535542eb6d922613f529bb520326eacade4171","2.0","_gomad"
"md","step-01-init","agile","agile/1-analysis/research/gm-domain-research/domain-steps/step-01-init.md","efee243f13ef54401ded88f501967b8bc767460cec5561b2107fc03fe7b7eab1","2.0","_gomad"
"md","step-01-init","agile","agile/1-analysis/research/gm-market-research/steps/step-01-init.md","64d5501aea0c0005db23a0a4d9ee84cf4e9239f553c994ecc6b1356917967ccc","2.0","_gomad"
"md","step-01-init","agile","agile/1-analysis/research/gm-technical-research/technical-steps/step-01-init.md","c9a1627ecd26227e944375eb691e7ee6bc9f5db29a428a5d53e5d6aef8bb9697","2.0","_gomad"
"md","step-01-init","agile","agile/2-plan-workflows/gm-create-prd/steps-c/step-01-init.md","4abbc8ac089bee7785854d7c354ac295d8c7b7ba8c6f618002a0a73797bc14e3","2.0","_gomad"
"md","step-01-init","agile","agile/2-plan-workflows/gm-create-ux-design/steps/step-01-init.md","0b257533a0ce34d792f621da35325ec11cb883653e3ad546221ee1f0dee5edcd","2.0","_gomad"
"md","step-01-init","agile","agile/3-solutioning/gm-create-architecture/steps/step-01-init.md","5119205b712ebda0cd241c3daad217bb0f6fa9e6cb41d6635aec6b7fe83b838a","2.0","_gomad"
"md","step-01-orientation","agile","agile/4-implementation/gm-checkpoint-preview/step-01-orientation.md","d9e3b949c36d49a025f3535773af2b51888fe4ce616b6d6d69683a122716b1d2","2.0","_gomad"
"md","step-01-validate-prerequisites","agile","agile/3-solutioning/gm-create-epics-and-stories/steps/step-01-validate-prerequisites.md","5c2aabc871363d84fc2e12fd83a3889e9d752b6bd330e31a0067c96204dd4880","2.0","_gomad"
"md","step-01b-continue","agile","agile/2-plan-workflows/gm-create-prd/steps-c/step-01b-continue.md","6f5c81734d2b86bf2c9df44cf7bebc403ecf84da7a5e931fa444d90c640a0755","2.0","_gomad"
"md","step-01b-continue","agile","agile/2-plan-workflows/gm-create-ux-design/steps/step-01b-continue.md","4d42c6b83eaa720975bf2206a7eea1a8c73ae922668cc2ef03d34c49ab066c19","2.0","_gomad"
"md","step-01b-continue","agile","agile/3-solutioning/gm-create-architecture/steps/step-01b-continue.md","4bf216008297dcea25f8be693109cf17879c621865b302c994cdd15aa5124e5f","2.0","_gomad"
"md","step-02-context","agile","agile/3-solutioning/gm-create-architecture/steps/step-02-context.md","d5574446b3967482467e5b37db44b4e67df34512678c922d51250f36a0767ac0","2.0","_gomad"
"md","step-02-customer-behavior","agile","agile/1-analysis/research/gm-market-research/steps/step-02-customer-behavior.md","bac4de244049f90d1f2eb95e2cc9389cc84966d9538077fef1ec9c35e4533849","2.0","_gomad"
"md","step-02-design-epics","agile","agile/3-solutioning/gm-create-epics-and-stories/steps/step-02-design-epics.md","9468fc83939d3f76754baa1c7cbafab72e8fab820d622dcfcdf28eb16badd78c","2.0","_gomad"
"md","step-02-discovery","agile","agile/2-plan-workflows/gm-create-prd/steps-c/step-02-discovery.md","b147aeb8e0085c4164f00812e9e5bc9064a9a6d090a082e1c19621227e31b930","2.0","_gomad"
"md","step-02-discovery","agile","agile/2-plan-workflows/gm-create-ux-design/steps/step-02-discovery.md","c096e6d1221c9710db27398f2e5ebd06ed71b26b82a533fbd42128492311bd28","2.0","_gomad"
"md","step-02-domain-analysis","agile","agile/1-analysis/research/gm-domain-research/domain-steps/step-02-domain-analysis.md","385a288d9bbb0adf050bcce4da4dad198a9151822f9766900404636f2b0c7f9d","2.0","_gomad"
"md","step-02-generate","agile","agile/3-solutioning/gm-generate-project-context/steps/step-02-generate.md","023c5d99b15a6be77969acbb6ba889b8f3a3d6e312578016cf8151413de3958f","2.0","_gomad"
"md","step-02-plan","agile","agile/4-implementation/gm-quick-dev/step-02-plan.md","28fd4b9c107c3d63188e6b0e3c5c31ed523045324865024ab389e8b6d84e67f4","2.0","_gomad"
"md","step-02-prd-analysis","agile","agile/3-solutioning/gm-check-implementation-readiness/steps/step-02-prd-analysis.md","38be2bf4b924c0b5b395b57d68f685d790ade7b1a6c10993d3c550675f87d954","2.0","_gomad"
"md","step-02-review","agile","agile/4-implementation/gm-code-review/steps/step-02-review.md","7c9b9efa64fbf8685b1e01140e85cfe7411dd6279924410dbc1e20233b3c1be4","2.0","_gomad"
"md","step-02-technical-overview","agile","agile/1-analysis/research/gm-technical-research/technical-steps/step-02-technical-overview.md","9c7582241038b16280cddce86f2943216541275daf0a935dcab78f362904b305","2.0","_gomad"
"md","step-02-walkthrough","agile","agile/4-implementation/gm-checkpoint-preview/step-02-walkthrough.md","66cf893f8f968ee81034e9ccd8c20415692c3a8c23a9a143c2245fe6c800acdc","2.0","_gomad"
"md","step-02b-vision","agile","agile/2-plan-workflows/gm-create-prd/steps-c/step-02b-vision.md","bc41e490c7758dcdba0ffbfc022fb2f4f57160a1905d995ffb363c3844fd9744","2.0","_gomad"
"md","step-02c-executive-summary","agile","agile/2-plan-workflows/gm-create-prd/steps-c/step-02c-executive-summary.md","d235d0729148ada03247f15d70d864538e81efceac8dfe76074668d80a8c14f5","2.0","_gomad"
"md","step-03-competitive-landscape","agile","agile/1-analysis/research/gm-domain-research/domain-steps/step-03-competitive-landscape.md","f10aa088ba00c59491507f6519fb314139f8be6807958bb5fd1b66bff2267749","2.0","_gomad"
"md","step-03-complete","agile","agile/3-solutioning/gm-generate-project-context/steps/step-03-complete.md","cf8d1d1904aeddaddb043c3c365d026cd238891cd702c2b78bae032a8e08ae17","2.0","_gomad"
"md","step-03-core-experience","agile","agile/2-plan-workflows/gm-create-ux-design/steps/step-03-core-experience.md","1d2160fb04bfd71eb5506c3667cf114ad0e8aaeb0b49e113dd32ea15fba49332","2.0","_gomad"
"md","step-03-create-stories","agile","agile/3-solutioning/gm-create-epics-and-stories/steps/step-03-create-stories.md","91f3025eb06e71741d3ffac19ed177f51f3c842a190fb84b3ad693ff2037aa05","2.0","_gomad"
"md","step-03-customer-pain-points","agile","agile/1-analysis/research/gm-market-research/steps/step-03-customer-pain-points.md","5b2418ccaaa89291c593efed0311b3895faad1e9181800d382da823a8eb1312a","2.0","_gomad"
"md","step-03-detail-pass","agile","agile/4-implementation/gm-checkpoint-preview/step-03-detail-pass.md","d48163b9f305f15af57729a8443142e47beb6c3e977554afe12b39ee49cb9fc0","2.0","_gomad"
"md","step-03-epic-coverage-validation","agile","agile/3-solutioning/gm-check-implementation-readiness/steps/step-03-epic-coverage-validation.md","7b187f03a47cba0325fcfd10240410db9c59d93768342fc2dd3de2a01ec23356","2.0","_gomad"
"md","step-03-implement","agile","agile/4-implementation/gm-quick-dev/step-03-implement.md","7d0a1d4d92b0f278705cf900646c8de69e24ba4055a3076e48af83cc238429d5","2.0","_gomad"
"md","step-03-integration-patterns","agile","agile/1-analysis/research/gm-technical-research/technical-steps/step-03-integration-patterns.md","005d517a2f962e2172e26b23d10d5e6684c7736c0d3982e27b2e72d905814ad9","2.0","_gomad"
"md","step-03-starter","agile","agile/3-solutioning/gm-create-architecture/steps/step-03-starter.md","2d76c3c6f8baaf638aeef4fdb7a1ac5a85e44ad0541cbd56a454b54407c0246d","2.0","_gomad"
"md","step-03-success","agile","agile/2-plan-workflows/gm-create-prd/steps-c/step-03-success.md","ab85d3eb0b82a5ccba769f5bb1fa099bf603b09662c15487f6838f9a8fe4b230","2.0","_gomad"
"md","step-03-triage","agile","agile/4-implementation/gm-code-review/steps/step-03-triage.md","91eaa27f6a167702ead00da9e93565c9bff79dce92c02eccbca61b1d1ed39a80","2.0","_gomad"
"md","step-04-architectural-patterns","agile","agile/1-analysis/research/gm-technical-research/technical-steps/step-04-architectural-patterns.md","4636f23e9c585a7a0c90437a660609d913f16362c3557fc2e71d408d6b9f46ce","2.0","_gomad"
"md","step-04-customer-decisions","agile","agile/1-analysis/research/gm-market-research/steps/step-04-customer-decisions.md","f0bc25f2179b7490e7a6704159a32fc9e83ab616022355ed53acfe8e2f7059d5","2.0","_gomad"
"md","step-04-decisions","agile","agile/3-solutioning/gm-create-architecture/steps/step-04-decisions.md","e3f44639187fceb4927ceddd9ed08e0518b6319f064589d8e10adfbb077739c7","2.0","_gomad"
"md","step-04-emotional-response","agile","agile/2-plan-workflows/gm-create-ux-design/steps/step-04-emotional-response.md","5da9bd022ca73525aae0c57ae1fedcab8bc8c18f4bb96e7343f90ba80e25671f","2.0","_gomad"
"md","step-04-final-validation","agile","agile/3-solutioning/gm-create-epics-and-stories/steps/step-04-final-validation.md","da48fa8d0b715ed4d74114d30a6fa93c8ebd2097e452d38d3b83af24d60d7b24","2.0","_gomad"
"md","step-04-journeys","agile","agile/2-plan-workflows/gm-create-prd/steps-c/step-04-journeys.md","c0b501591abfe6ff461c9bc5993dfa6ceb4de44c990aa8dbda783b48d8cd559a","2.0","_gomad"
"md","step-04-present","agile","agile/4-implementation/gm-code-review/steps/step-04-present.md","474a531481413efde58bedec2fc043738fcbc26ec5425e27081f20a047af833e","2.0","_gomad"
"md","step-04-regulatory-focus","agile","agile/1-analysis/research/gm-domain-research/domain-steps/step-04-regulatory-focus.md","d22035529efe91993e698b4ebf297bf2e7593eb41d185a661c357a8afc08977b","2.0","_gomad"
"md","step-04-review","agile","agile/4-implementation/gm-quick-dev/step-04-review.md","4d3cbb3bc8a011e228841d0e480691fc3b7174197b6ad456ce482d7d2f6f75b2","2.0","_gomad"
"md","step-04-testing","agile","agile/4-implementation/gm-checkpoint-preview/step-04-testing.md","28a56e868968ea2d18add0df8c4bccced0f94b698e218df3d45ddac072ce369c","2.0","_gomad"
"md","step-04-ux-alignment","agile","agile/3-solutioning/gm-check-implementation-readiness/steps/step-04-ux-alignment.md","f71e5f0d77615e885ae40fdee6b04c1dd6e472c871f87b515fe869cb5f6966fb","2.0","_gomad"
"md","step-05-competitive-analysis","agile","agile/1-analysis/research/gm-market-research/steps/step-05-competitive-analysis.md","17532051ad232cfc859f09ac3b44f9f4d542eb24cff8d07317126ccdff0d225a","2.0","_gomad"
"md","step-05-domain","agile","agile/2-plan-workflows/gm-create-prd/steps-c/step-05-domain.md","4e25b4d288d16cb4d4089f495619fbbecd1ca370069b5929e83b6eb70abfdeef","2.0","_gomad"
"md","step-05-epic-quality-review","agile","agile/3-solutioning/gm-check-implementation-readiness/steps/step-05-epic-quality-review.md","d8a84e57f4e3a321734b5b5d093458ceb1e338744f18954c5a204f5ce3576185","2.0","_gomad"
"md","step-05-implementation-research","agile","agile/1-analysis/research/gm-technical-research/technical-steps/step-05-implementation-research.md","e2b8a2c79bcebadc85f3823145980fa47d7e7be8d1c112f686c6223c8c138608","2.0","_gomad"
"md","step-05-inspiration","agile","agile/2-plan-workflows/gm-create-ux-design/steps/step-05-inspiration.md","958cd195236b7a8928e09683b6fbed8dd61f3275404a725da40acde138cf7806","2.0","_gomad"
"md","step-05-patterns","agile","agile/3-solutioning/gm-create-architecture/steps/step-05-patterns.md","85aae460653f7adc5e34420cfa9cac78b28c334f21205a72a63f28fe346eb7f5","2.0","_gomad"
"md","step-05-present","agile","agile/4-implementation/gm-quick-dev/step-05-present.md","b7d54e83f9a88f1d151d94d8facd6bc8f91ea1494eab6d83f74f3905d85c5018","2.0","_gomad"
"md","step-05-technical-trends","agile","agile/1-analysis/research/gm-domain-research/domain-steps/step-05-technical-trends.md","fd6c577010171679f630805eb76e09daf823c2b9770eb716986d01f351ce1fb4","2.0","_gomad"
"md","step-05-wrapup","agile","agile/4-implementation/gm-checkpoint-preview/step-05-wrapup.md","28044ea620e4abed95fa01c3c3996ffd6db2dd73609ea829a268410277c63670","2.0","_gomad"
"md","step-06-design-system","agile","agile/2-plan-workflows/gm-create-ux-design/steps/step-06-design-system.md","23e5928a30dd1f5b5556c944647c557e69dcb4425aac83527608835f27b4a477","2.0","_gomad"
"md","step-06-final-assessment","agile","agile/3-solutioning/gm-check-implementation-readiness/steps/step-06-final-assessment.md","d0a29c6b8fdbdeedec52786f148be4c0cd9ae82fa9388702b9078838d26abfe0","2.0","_gomad"
"md","step-06-innovation","agile","agile/2-plan-workflows/gm-create-prd/steps-c/step-06-innovation.md","3773954165fc968e0e538cc28cd2b95db81d2906d466222a873105f036dc398b","2.0","_gomad"
"md","step-06-research-completion","agile","agile/1-analysis/research/gm-market-research/steps/step-06-research-completion.md","ce4820d4a254b1c4c5a876910e7e8912eda8df595a71438d230119ace7f2c38b","2.0","_gomad"
"md","step-06-research-synthesis","agile","agile/1-analysis/research/gm-domain-research/domain-steps/step-06-research-synthesis.md","ae7ea9eec7f763073e4e1ec7ef0dd247a2c9c8f8172c84cbcb0590986c67caa2","2.0","_gomad"
"md","step-06-research-synthesis","agile","agile/1-analysis/research/gm-technical-research/technical-steps/step-06-research-synthesis.md","01d94ed48e86317754d1dafb328d57bd1ce8832c1f443bfd62413bbd07dcf3a1","2.0","_gomad"
"md","step-06-structure","agile","agile/3-solutioning/gm-create-architecture/steps/step-06-structure.md","34e7a4c7ec126da46b7ac2ba6114cdc738dfdc0ed95f0bf5973a50887d044863","2.0","_gomad"
"md","step-07-defining-experience","agile","agile/2-plan-workflows/gm-create-ux-design/steps/step-07-defining-experience.md","1d0fb98d50b2122a3294d5e00713e73be6655759ab4fa594ca10d93822abb426","2.0","_gomad"
"md","step-07-project-type","agile","agile/2-plan-workflows/gm-create-prd/steps-c/step-07-project-type.md","eb4d0fa309a3a4567969eb08a522d1a63c22c45b0fdc09834cf184e1665f03c6","2.0","_gomad"
"md","step-07-validation","agile","agile/3-solutioning/gm-create-architecture/steps/step-07-validation.md","fc4a5175202bc4988ee087149514c08966ee09109a6d6c7de4d4b9e5a48e2fa3","2.0","_gomad"
"md","step-08-complete","agile","agile/3-solutioning/gm-create-architecture/steps/step-08-complete.md","6c257c4ba6249d94a27021e9d9f583ca1165146d367075b2f0c9b302b527b9ef","2.0","_gomad"
"md","step-08-scoping","agile","agile/2-plan-workflows/gm-create-prd/steps-c/step-08-scoping.md","692d43eea2097fc8590411eb4abf87f18b8e4bc80414be8720def22ccb096ae8","2.0","_gomad"
"md","step-08-visual-foundation","agile","agile/2-plan-workflows/gm-create-ux-design/steps/step-08-visual-foundation.md","cc7131b7d9bea7bdad3c24721ee4b2fab8a3a9314fb1447b50f9482b2168f6b9","2.0","_gomad"
"md","step-09-design-directions","agile","agile/2-plan-workflows/gm-create-ux-design/steps/step-09-design-directions.md","5e53d641b5a41edc7dc9bca5aa889c2743d4c99ad8760646a421789162869f6f","2.0","_gomad"
"md","step-09-functional","agile","agile/2-plan-workflows/gm-create-prd/steps-c/step-09-functional.md","206af3be631662af10127f7205d6d2ee939e1c9d4c46c120ddd34e71b71acc49","2.0","_gomad"
"md","step-10-nonfunctional","agile","agile/2-plan-workflows/gm-create-prd/steps-c/step-10-nonfunctional.md","2453243542f84c0c0429114ab292a691875b585c35d94de3434e5fec3ccde70a","2.0","_gomad"
"md","step-10-user-journeys","agile","agile/2-plan-workflows/gm-create-ux-design/steps/step-10-user-journeys.md","e292afb0036eaf494f678b56905579d4dfba5283e6e3e2169ebe38179ee7904b","2.0","_gomad"
"md","step-11-component-strategy","agile","agile/2-plan-workflows/gm-create-ux-design/steps/step-11-component-strategy.md","5622545716a181b6dbb93e7fed9217e3abe792ae4bfc34d045695bd4511eaf27","2.0","_gomad"
"md","step-11-polish","agile","agile/2-plan-workflows/gm-create-prd/steps-c/step-11-polish.md","b5bd1b2bdf27e0a7ca33bf8854ee8b2b5bf18be3bfaba65b4b53b590b7ed0cde","2.0","_gomad"
"md","step-12-complete","agile","agile/2-plan-workflows/gm-create-prd/steps-c/step-12-complete.md","f288be9417ef5861337d398f221fc96b6921e7f6773acdbf1c347c6e315c4d51","2.0","_gomad"
"md","step-12-ux-patterns","agile","agile/2-plan-workflows/gm-create-ux-design/steps/step-12-ux-patterns.md","9768f857b355c2c0e736ebd3d100ca99ad8304736d5be7ccaf761e3aef7eff12","2.0","_gomad"
"md","step-13-responsive-accessibility","agile","agile/2-plan-workflows/gm-create-ux-design/steps/step-13-responsive-accessibility.md","56a3c25036d8ae1ee076d99937b2f5f9f15c687e361b53436d821f5a8a8a3afb","2.0","_gomad"
"md","step-14-complete","agile","agile/2-plan-workflows/gm-create-ux-design/steps/step-14-complete.md","2649877744fe2ddbaf26a5983cbe17d11c087dd98046d905504d485dead30d5d","2.0","_gomad"
"md","step-e-01-discovery","agile","agile/2-plan-workflows/gm-edit-prd/steps-e/step-e-01-discovery.md","d3f1b26caf3b1e9cbfb5f279bafcd50c0529844f9165ea767f52c34d594e9dca","2.0","_gomad"
"md","step-e-01b-legacy-conversion","agile","agile/2-plan-workflows/gm-edit-prd/steps-e/step-e-01b-legacy-conversion.md","0c91cec379dcffac22a0e0c282a36a9b7906c4d5be11f9a1e88fd99e0c941bcd","2.0","_gomad"
"md","step-e-02-review","agile","agile/2-plan-workflows/gm-edit-prd/steps-e/step-e-02-review.md","8c5f2546b54f983e39b6a2d0fe62a417b0f946983178e203205b992502174ff6","2.0","_gomad"
"md","step-e-03-edit","agile","agile/2-plan-workflows/gm-edit-prd/steps-e/step-e-03-edit.md","5e12f342dc06f1b45d02ce3d7ff7661afea38d8d601e5e6f0a65ca234725c4aa","2.0","_gomad"
"md","step-e-04-complete","agile","agile/2-plan-workflows/gm-edit-prd/steps-e/step-e-04-complete.md","0e977f89e3b0d7a6fe4c738df2153259f790f8dd4fedfbe0a34a834f809bf238","2.0","_gomad"
"md","step-oneshot","agile","agile/4-implementation/gm-quick-dev/step-oneshot.md","2550edbee26edc78707f33ed3ff89526b7195edff16242f66fa992be0b000da4","2.0","_gomad"
"md","step-v-01-discovery","agile","agile/2-plan-workflows/gm-validate-prd/steps-v/step-v-01-discovery.md","7eb40c386f18cd0dcd008c6309ee8b425a0ef0ed6b327c8d68c64fa3c46519c1","2.0","_gomad"
"md","step-v-02-format-detection","agile","agile/2-plan-workflows/gm-validate-prd/steps-v/step-v-02-format-detection.md","a67008f5376ce6ae2ca51ec347ebe861cbb266f74c1defdaed430cbe5d2ef7dc","2.0","_gomad"
"md","step-v-02b-parity-check","agile","agile/2-plan-workflows/gm-validate-prd/steps-v/step-v-02b-parity-check.md","0fe83ad7177d278abc34314774770e5f762f203491237a0c646480c046e53f33","2.0","_gomad"
"md","step-v-03-density-validation","agile","agile/2-plan-workflows/gm-validate-prd/steps-v/step-v-03-density-validation.md","84a4b288d1e5a76e54f168b236ecc35b68cbff0d00f7556ac74b12c26dc8ff75","2.0","_gomad"
"md","step-v-04-brief-coverage-validation","agile","agile/2-plan-workflows/gm-validate-prd/steps-v/step-v-04-brief-coverage-validation.md","7b870fea072193271c9dc80966b0777cbc892a85912a273ba184f2d19fc68c47","2.0","_gomad"
"md","step-v-05-measurability-validation","agile","agile/2-plan-workflows/gm-validate-prd/steps-v/step-v-05-measurability-validation.md","06a8762b225e7d77f9c1b9f5be8783bcced29623f3a3bc8dbf7ea109b531c0ae","2.0","_gomad"
"md","step-v-06-traceability-validation","agile","agile/2-plan-workflows/gm-validate-prd/steps-v/step-v-06-traceability-validation.md","58b89788683540c3122f886ca7a6191866a3abb2851bd505faa3fc9ab46a73c4","2.0","_gomad"
"md","step-v-07-implementation-leakage-validation","agile","agile/2-plan-workflows/gm-validate-prd/steps-v/step-v-07-implementation-leakage-validation.md","aeab46b20c6aafc4b1d369c65ccf02a1fc5f7de60cbffddf7719e2899de6fe28","2.0","_gomad"
"md","step-v-08-domain-compliance-validation","agile","agile/2-plan-workflows/gm-validate-prd/steps-v/step-v-08-domain-compliance-validation.md","1be1de3adc40ded63e3662a75532fa1b13c28596b3b49204fbda310f6fa5f0da","2.0","_gomad"
"md","step-v-09-project-type-validation","agile","agile/2-plan-workflows/gm-validate-prd/steps-v/step-v-09-project-type-validation.md","fffbf78461186456a5ca72b2b9811cb391476c1d1af0301ff71b8f73198c88d1","2.0","_gomad"
"md","step-v-10-smart-validation","agile","agile/2-plan-workflows/gm-validate-prd/steps-v/step-v-10-smart-validation.md","81bf3fbe84054b51cb36b673a3877c65c9b790acd502a9a8a01f76899f5f4f4c","2.0","_gomad"
"md","step-v-11-holistic-quality-validation","agile","agile/2-plan-workflows/gm-validate-prd/steps-v/step-v-11-holistic-quality-validation.md","22647b5bbdf5af8eda77b1817a0d3bd671ebf4ae91f9681e23ba44d5a5f6ff8b","2.0","_gomad"
"md","step-v-12-completeness-validation","agile","agile/2-plan-workflows/gm-validate-prd/steps-v/step-v-12-completeness-validation.md","20371cf379d396292dd63ad721fe48258853048e10cd9ecb8998791194fe4236","2.0","_gomad"
"md","step-v-13-report-complete","agile","agile/2-plan-workflows/gm-validate-prd/steps-v/step-v-13-report-complete.md","d4efdbc8d92f3bacab46f2115e0cc77fd826fce99cf9f16477ac288247dc0a02","2.0","_gomad"
"md","template","agile","agile/4-implementation/gm-create-story/template.md","29ba697368d77e88e88d0e7ac78caf7a78785a7dcfc291082aa96a62948afb67","2.0","_gomad"
"md","template","agile","agile/4-implementation/gm-discuss-story/template.md","66c18ee5e96080f2a50a534a26cf1eb5fb7fd13552e1cc11f18cee7727f35a6a","2.0","_gomad"
"md","template","agile","agile/4-implementation/gm-domain-skill/template.md","43bef9c9ebe02c29f73d713baccf999a7e05c148fd794298f09f9dbb11c104fc","2.0","_gomad"
"md","ux-design-template","agile","agile/2-plan-workflows/gm-create-ux-design/ux-design-template.md","ffa4b89376cd9db6faab682710b7ce755990b1197a8b3e16b17748656d1fca6a","2.0","_gomad"
"md","validate-doc","agile","agile/1-analysis/gm-agent-tech-writer/validate-doc.md","3b8d25f60be191716266726393f2d44b77262301b785a801631083b610d6acc5","2.0","_gomad"
"md","verdict","agile","agile/1-analysis/gm-prfaq/references/verdict.md","684806d6f38e126f08350d16909535fbe1e223d50ae337e9ad7f5076d6ee8d17","2.0","_gomad"
"md","web-researcher","agile","agile/1-analysis/gm-prfaq/agents/web-researcher.md","6e9127bb9bd3e4b15c701e4ced9eef328769262cd34eadc221bebe954c1f3aef","2.0","_gomad"
"md","web-researcher","agile","agile/1-analysis/gm-product-brief/agents/web-researcher.md","14b5a1928bec1403ca7b4019bf88eb1b08e0187c287e62bc156965f76d8a9ce1","2.0","_gomad"
"md","workflow","agile","agile/1-analysis/gm-document-project/workflow.md","b504af0a0490de42ca04886a2d12a55271e1ca37e4451e7586d2421107312ffb","2.0","_gomad"
"md","workflow","agile","agile/1-analysis/research/gm-domain-research/workflow.md","b544af5b49945d16ab6b95f2b17dbe4dcd1e1e32787e1e229983e8cff112c59a","2.0","_gomad"
"md","workflow","agile","agile/1-analysis/research/gm-market-research/workflow.md","f2b9ec72e75c2125e150fae18a53a47183235dceee1ced6dde78bcfea2d8c327","2.0","_gomad"
"md","workflow","agile","agile/1-analysis/research/gm-technical-research/workflow.md","e3bdb747a2c8b119a2ab5e5c98a080605182dc2b473f6715b48a56f01c7565ab","2.0","_gomad"
"md","workflow","agile","agile/2-plan-workflows/gm-create-prd/workflow.md","bb62ae5b72707f36de789a5b7ab58002ad1b5a56f44bcbf9833b7a7a3fd8ba7e","2.0","_gomad"
"md","workflow","agile","agile/2-plan-workflows/gm-create-ux-design/workflow.md","4e0fd34b0ec73eef901529e3ed3ec183fb67a02330c7ffa48485579d79d18b98","2.0","_gomad"
"md","workflow","agile","agile/2-plan-workflows/gm-edit-prd/workflow.md","0435a45de17cdb3c8538ed8c9995af448c32bc86623877072c7ca22a647bbede","2.0","_gomad"
"md","workflow","agile","agile/2-plan-workflows/gm-validate-prd/workflow.md","7edbb6e8b6c24fad8fd2c9a9ceddcc8b4c3025bae3074b90a6f54b27103f5fc3","2.0","_gomad"
"md","workflow","agile","agile/3-solutioning/gm-check-implementation-readiness/workflow.md","f903c92e9c2807ed891b9ff11f9815c8fc5216556b144e29e90dee4ae19f899c","2.0","_gomad"
"md","workflow","agile","agile/3-solutioning/gm-create-architecture/workflow.md","5ac9967fd6c35490a5a77556b47f558c44e375cb3393deb443ac5be727a7b441","2.0","_gomad"
"md","workflow","agile","agile/3-solutioning/gm-create-epics-and-stories/workflow.md","02fafe9b9b9f4b90e06b03a19b370e171bd6c5bcb28d456dd4a53eef06fb06fc","2.0","_gomad"
"md","workflow","agile","agile/3-solutioning/gm-generate-project-context/workflow.md","eee2f1ec0fb04afae5047cfb7b5c2e2d1fbbfaf66f96fa74c090d283f09c6bfa","2.0","_gomad"
"md","workflow","agile","agile/4-implementation/gm-code-review/workflow.md","f06df89368b8166ee8b9c5c5f039e8237a6ae9f888c2b57ba2a576fe0b5164d3","2.0","_gomad"
"md","workflow","agile","agile/4-implementation/gm-correct-course/workflow.md","5d83e36416a2a484dffb21f9e50eb29b72cb8a5aed57ce4970b295aa7d3b86ee","2.0","_gomad"
"md","workflow","agile","agile/4-implementation/gm-create-story/workflow.md","5b8cba611e5634aad707a0bc5e7db826702551c2b3275e33b64b14d190a2f8c8","2.0","_gomad"
"md","workflow","agile","agile/4-implementation/gm-dev-story/workflow.md","9cb4babaa7381a29fd6572ad6a23c59c8e0aa3d0f9585fc07bf4c66f6c19731a","2.0","_gomad"
"md","workflow","agile","agile/4-implementation/gm-discuss-story/workflow.md","76a9dc3bd17ad0990184e77c62c3acddac7f33d9e6f6232ed4ce23293e8d8064","2.0","_gomad"
"md","workflow","agile","agile/4-implementation/gm-domain-skill/workflow.md","b4020f00526d2a347db6cb6047e0647124821f71012339c2d426fa9a9f3c3a29","2.0","_gomad"
"md","workflow","agile","agile/4-implementation/gm-qa-generate-e2e-tests/workflow.md","bb6ab5d055ffe1efc19625ffda03336ccd75601fa865cec4351cd9799f6b054f","2.0","_gomad"
"md","workflow","agile","agile/4-implementation/gm-quick-dev/workflow.md","f2d3c392d4268c5f95c7d2a4cc887f7528a6bcca18bb5b59db790541e276babf","2.0","_gomad"
"md","workflow","agile","agile/4-implementation/gm-retrospective/workflow.md","10748a65671e4055767c30b6bb43483a9eaf116957446a09f552a5597d33f735","2.0","_gomad"
"md","workflow","agile","agile/4-implementation/gm-sprint-agent/workflow.md","e8457321a9306726dcd619668a0aff22a1aadb2a63cea91c746cbe1f86d96841","2.0","_gomad"
"md","workflow","agile","agile/4-implementation/gm-sprint-planning/workflow.md","6dc78405d5d38e08b79478e71d31c0710f1c802d64cac32c56d9027290b14be7","2.0","_gomad"
"md","workflow","agile","agile/4-implementation/gm-sprint-status/workflow.md","4cd2a8413d6ffc5dbb595d12f56caa15287840ce495fa003c01395cf89de2c66","2.0","_gomad"
"md","write-document","agile","agile/1-analysis/gm-agent-tech-writer/write-document.md","c0ddfd981f765b82cba0921dad331cd1fa32bacdeea1f02320edfd60a0ae7e6f","2.0","_gomad"
"yaml","config","agile","agile/config.yaml","eb967b822aa48bf931cdff82ffdc579715ce032bca184f01664f43ae7571a18f","2.0","_gomad"
"yaml","gomad-skill-manifest","agile","agile/4-implementation/gm-sprint-agent/gomad-skill-manifest.yaml","6b5a8d3fd309ac5e53fa1abb8f0fb09fe4f543e17f5a6f1e12d7a9fb5a191133","2.0","_gomad"
"yaml","skill-manifest","agile","agile/1-analysis/gm-agent-analyst/skill-manifest.yaml","afb1d8788978bdff02ff5e8a4b89adf9deceb7e90dbd09fb2e0233e80fb5599a","2.0","_gomad"
"yaml","skill-manifest","agile","agile/1-analysis/gm-agent-tech-writer/skill-manifest.yaml","ce6100dc27e4be33feede72c1ea7d84ae062cf3a6b64103121b0b9ec5f08f173","2.0","_gomad"
"yaml","skill-manifest","agile","agile/2-plan-workflows/gm-agent-pm/skill-manifest.yaml","931b5fceac8a0a1909eff8e4933787718500a7a01453bcad66f2927c5691d4bb","2.0","_gomad"
"yaml","skill-manifest","agile","agile/2-plan-workflows/gm-agent-ux-designer/skill-manifest.yaml","19ee745e711278835a1563d5460411636672900eeab3de7e2962a30a3ffacd29","2.0","_gomad"
"yaml","skill-manifest","agile","agile/3-solutioning/gm-agent-architect/skill-manifest.yaml","f77ca472372755f0ca96cd8964bda81e3fdd18be9da26d080f8b26815abccf2a","2.0","_gomad"
"yaml","skill-manifest","agile","agile/4-implementation/gm-agent-dev/skill-manifest.yaml","c13210925e7c71410fe220fee3d14a23a7acf97e4071db38c051baceff2a5934","2.0","_gomad"
"yaml","skill-manifest","agile","agile/4-implementation/gm-agent-sm/skill-manifest.yaml","9c8162c15aebf93a5ec42e7c6ba3ca3c7a709e49c779700288a802b064d74bf9","2.0","_gomad"
"yaml","skill-manifest","agile","agile/4-implementation/gm-agent-solo-dev/skill-manifest.yaml","661da671f250b179646483fc2fd86c0462a0f38dbdcc9bab01dc6a61db4379ff","2.0","_gomad"
"yaml","sprint-status-template","agile","agile/4-implementation/gm-sprint-planning/sprint-status-template.yaml","deeec135d875b107618dd41278349689b5f3dcb5894d7509909417a570f46fd9","2.0","_gomad"
"md","agent-analyst","commands","commands/gm/agent-analyst.md","6fea971506c09aa08510c5b667d5212439a59a73aaa8e1a58ba4ab8a7259694c","2.0",".claude"
"md","agent-architect","commands","commands/gm/agent-architect.md","1107fed33ef40b1fe1a9efccce2f8cacd84dac88c13a54fb4e2ece2379adf68a","2.0",".claude"
"md","agent-dev","commands","commands/gm/agent-dev.md","188a8b784a6474e7ae6b67c994ef3653bd0af024307f5f6be1fdc3dcb93bd842","2.0",".claude"
"md","agent-pm","commands","commands/gm/agent-pm.md","b268626b325fd9803dcced8ecbf54a12a3993bc6b5e3fa6768910d66f285ccb7","2.0",".claude"
"md","agent-sm","commands","commands/gm/agent-sm.md","7dca887082233a08158ca75b7579bc4157fd8224f913e6f6f38d4b2fef470543","2.0",".claude"
"md","agent-solo-dev","commands","commands/gm/agent-solo-dev.md","4819ce7cabc788270e9302475bbfc571a37977295b9c9b7a7f02b0df966daeb7","2.0",".claude"
"md","agent-tech-writer","commands","commands/gm/agent-tech-writer.md","0a7e26b9b241f9287d5a4bf45d0ca4269ac6c1371032f5684eec301316dec62d","2.0",".claude"
"md","agent-ux-designer","commands","commands/gm/agent-ux-designer.md","b1506eec069171e8afd4215d0333a49720a2ca61c7076a698cd6e6d457a97ffa","2.0",".claude"
"csv","brain-methods","core","core/gm-brainstorming/brain-methods.csv","0ab5878b1dbc9e3fa98cb72abfc3920a586b9e2b42609211bb0516eefd542039","2.0","_gomad"
"csv","methods","core","core/gm-advanced-elicitation/methods.csv","e08b2e22fec700274982e37be608d6c3d1d4d0c04fa0bae05aa9dba2454e6141","2.0","_gomad"
"csv","module-help","core","core/module-help.csv","904c8ec9b7a75da16f469ed1db4934425a6f18383122b7ea678b61ef53a8012d","2.0","_gomad"
"md","compression-rules","core","core/gm-distillator/resources/compression-rules.md","86e53d6a2072b379864766681d1cc4e1aad3d4428ecca8c46010f7364da32724","2.0","_gomad"
"md","distillate-compressor","core","core/gm-distillator/agents/distillate-compressor.md","c00da33b39a43207a224c4043d1aa4158e90e41ab421fff0ea7cc55beec81ef8","2.0","_gomad"
"md","distillate-format-reference","core","core/gm-distillator/resources/distillate-format-reference.md","043036f2db7adc7b352257ccd28d71b2c6069f266f143a6b78447dcaf1454b42","2.0","_gomad"
"md","round-trip-reconstructor","core","core/gm-distillator/agents/round-trip-reconstructor.md","47c83f4a37249ddac38460d8c95d162f6fc175a8919888e8090aed71bd9383bc","2.0","_gomad"
"md","SKILL","core","core/gm-advanced-elicitation/SKILL.md","38811bfb653c6694eefd3f5eae57b0f69c35cc35e6ca29e81c08f723c744e0ab","2.0","_gomad"
"md","SKILL","core","core/gm-brainstorming/SKILL.md","c8a26c79f8168dfef3f4fa3763dd3001c3c6564e8305d9ca79e80a10b2b5e1a8","2.0","_gomad"
"md","SKILL","core","core/gm-distillator/SKILL.md","4fbedff27993058b45a16cac8fbbdd07784497da78b51af51c739c91097df3cf","2.0","_gomad"
"md","SKILL","core","core/gm-editorial-review-prose/SKILL.md","bc9f65ecbda9caa414587d873a416b9c6be173d609c88b6954936ae72e03c2a0","2.0","_gomad"
"md","SKILL","core","core/gm-editorial-review-structure/SKILL.md","ed55833d6626c65f62606e44f1dc944deb33e10dcebf6ec64592eddf28194332","2.0","_gomad"
"md","SKILL","core","core/gm-help/SKILL.md","e010e9900d8f7f27e8e310ceb43ae4578fe72c9c1c495334a3c682e900a108e3","2.0","_gomad"
"md","SKILL","core","core/gm-index-docs/SKILL.md","e923eea9b25703f718b6ea726e47e4c1c17d7fc6d8ce5f014020e35aa3b75ace","2.0","_gomad"
"md","SKILL","core","core/gm-party-mode/SKILL.md","3d120c378c0eb79afbef064137214ae39c7cca88ceb085f4debac2d97585a975","2.0","_gomad"
"md","SKILL","core","core/gm-review-adversarial-general/SKILL.md","66a7905737aa28d1b92b016035a0f62d9d8bfbed3dfdc50e96bb1079b2da6ce4","2.0","_gomad"
"md","SKILL","core","core/gm-review-edge-case-hunter/SKILL.md","b65debef955d1dfe8e8a584db0361eeac679c39f3b665f93af8f21ab247bbb56","2.0","_gomad"
"md","SKILL","core","core/gm-shard-doc/SKILL.md","a2fd4f107360970049a733a9d281f1965253484b31459b09943def586f698166","2.0","_gomad"
"md","splitting-strategy","core","core/gm-distillator/resources/splitting-strategy.md","26d3ed05f912cf99ff9ebe2353f2d84d70e3e852e23a32b1215c13416ad708b5","2.0","_gomad"
"md","step-01-session-setup","core","core/gm-brainstorming/steps/step-01-session-setup.md","7fd2aed9527ccdf35fc86bd4c9b27b4a530b5cfdfb90ae2b7385d3185bcd60bc","2.0","_gomad"
"md","step-01b-continue","core","core/gm-brainstorming/steps/step-01b-continue.md","49f8d78290291f974432bc8e8fce340de58ed62aa946e9e3182858bf63829920","2.0","_gomad"
"md","step-02a-user-selected","core","core/gm-brainstorming/steps/step-02a-user-selected.md","7ff3bca27286d17902ecea890494599796633e24a25ea6b31bbd6c3d2e54eba2","2.0","_gomad"
"md","step-02b-ai-recommended","core","core/gm-brainstorming/steps/step-02b-ai-recommended.md","cb77b810e0c98e080b4378999f0e250bacba4fb74c1bcb0a144cffe9989d2cbd","2.0","_gomad"
"md","step-02c-random-selection","core","core/gm-brainstorming/steps/step-02c-random-selection.md","91c6e16213911a231a41b1a55be7c939e7bbcd1463bd49cb03b5b669a90c0868","2.0","_gomad"
"md","step-02d-progressive-flow","core","core/gm-brainstorming/steps/step-02d-progressive-flow.md","6b6fbbd34bcf334d79f09e8c36ed3c9d55ddd3ebb8f8f77aa892643d1a4e3436","2.0","_gomad"
"md","step-03-technique-execution","core","core/gm-brainstorming/steps/step-03-technique-execution.md","1a317860ac734813126cf8fa41a087b3a538600e83dfc20039de88c1dacd74b2","2.0","_gomad"
"md","step-04-idea-organization","core","core/gm-brainstorming/steps/step-04-idea-organization.md","acb7eb6a54161213bb916cabf7d0d5084316704e792a880968fc340855cdcbbb","2.0","_gomad"
"md","template","core","core/gm-brainstorming/template.md","5c99d76963eb5fc21db96c5a68f39711dca7c6ed30e4f7d22aedee9e8bb964f9","2.0","_gomad"
"md","workflow","core","core/gm-brainstorming/workflow.md","d284bb58d259bd005165cacdc8e344aab4602333eb9dd319b3a214770d4bc14a","2.0","_gomad"
"py","analyze_sources","core","core/gm-distillator/scripts/analyze_sources.py","5f992d7fcf6b42d7401392ec702330f862cabf0d96e3d04a615b31b9dbf68d22","2.0","_gomad"
"py","test_analyze_sources","core","core/gm-distillator/scripts/tests/test_analyze_sources.py","d90525311f8010aaf8d7d9212a370468a697866190bae78c35d0aae9b7f23fdf","2.0","_gomad"
"yaml","config","core","core/config.yaml","709dee58dd20b5aed89f6f087f0de983f0dc6188a919846172b632b9e76e0790","2.0","_gomad"
"md","analyst","gomad","gomad/agents/analyst.md","d086207b9b5612d7d17be36c11e870aa947f6eea2a97c9820d22db88bbd54c51","2.0","_gomad"
"md","architect","gomad","gomad/agents/architect.md","f8d1ea45f57e4c722ed3cf01140ab55a1183bc752a39fee414c3569659670ad5","2.0","_gomad"
"md","dev","gomad","gomad/agents/dev.md","6430a5f43817ab8043d8d888113d7eb3762c043859adff820b4802c5333dde1e","2.0","_gomad"
"md","pm","gomad","gomad/agents/pm.md","dd464770d4c1976713bc42f340ddea1d0b57dbe129c67f1d9c0633fdc39673af","2.0","_gomad"
"md","sm","gomad","gomad/agents/sm.md","3a79ed33543fa1c256970d78ada8174e54ab32db59345f5e5edd64a6be2c3316","2.0","_gomad"
"md","solo-dev","gomad","gomad/agents/solo-dev.md","243960cf9c784fef0591c75b290fa407e859dfe5167cd6c7e402507415d9bb88","2.0","_gomad"
"md","tech-writer","gomad","gomad/agents/tech-writer.md","8a6e9c05ec08ac09838a77131c9c270282d9455d35c0d0d731f3d203664e173c","2.0","_gomad"
"md","ux-designer","gomad","gomad/agents/ux-designer.md","f58ba670a5d41ed66f6d9a32abf0a85ba48b0f51eb63d2fa75a3c55758793180","2.0","_gomad"
